country,Year,Total number of emigrants,percentage
Afghanistan,1990,7679582,"2,59%"
Africa,1990,20621464,"0,97%"
Albania,1990,180204,"110,43%"
Algeria,1990,921665,"21,59%"
American Samoa,1990,2041,"9750,12%"
Andorra,1990,3740,"5320,86%"
Angola,1990,824886,"24,12%"
Anguilla,1990,1832,"10862,45%"
Antigua and Barbuda,1990,21382,"930,69%"
Argentina,1990,430155,"46,26%"
Armenia,1990,899678,"22,12%"
Aruba,1990,5887,"3380,33%"
Asia,1990,56957000,"0,35%"
Australia,1990,301013,"66,11%"
Australia and New Zealand,1990,689030,"28,88%"
Austria,1990,505214,"39,39%"
Azerbaijan,1990,1634157,"12,18%"
Bahamas,1990,25137,"791,66%"
Bahrain,1990,12817,"1552,63%"
Bangladesh,1990,5450443,"3,65%"
Barbados,1990,84766,"234,76%"
Belarus,1990,1767600,"11,26%"
Belgium,1990,363970,"54,67%"
Belize,1990,36101,"551,23%"
Benin,1990,234314,"84,93%"
Bermuda,1990,71681,"277,62%"
Bhutan,1990,28461,"699,20%"
Bolivia,1990,224693,"88,57%"
Bonaire Sint Eustatius and Saba,1990,445,"44719,10%"
Bosnia and Herzegovina,1990,861760,"23,09%"
Botswana,1990,26048,"763,97%"
Brazil,1990,491359,"40,50%"
British Virgin Islands,1990,3094,"6431,80%"
Brunei,1990,26323,"755,99%"
Bulgaria,1990,612960,"32,47%"
Burkina Faso,1990,1021331,"19,48%"
Burundi,1990,337100,"59,03%"
Cambodia,1990,355428,"55,99%"
Cameroon,1990,115835,"171,80%"
Canada,1990,994254,"20,02%"
Cape Verde,1990,91363,"217,81%"
Caribbean,1990,4139775,"4,81%"
Cayman Islands,1990,356,"55898,88%"
Central African Republic,1990,46354,"429,30%"
Central America,1990,6823036,"2,92%"
Central Asia,1990,5719892,"3,48%"
Central and Southern Asia,1990,31104020,"0,64%"
Chad,1990,336798,"59,09%"
Channel Islands,1990,18726,"1062,69%"
Chile,1990,493026,"40,36%"
China,1990,4231625,"4,70%"
Colombia,1990,1009148,"19,72%"
Comoros,1990,40079,"496,52%"
Congo,1990,96370,"206,50%"
Cook Islands,1990,17485,"1138,12%"
Costa Rica,1990,69283,"287,23%"
Cote d'Ivoire,1990,366336,"54,32%"
Croatia,1990,425544,"46,76%"
Cuba,1990,835175,"23,83%"
Curacao,1990,2104,"9458,17%"
Cyprus,1990,174370,"114,13%"
Czechia,1990,564746,"35,24%"
Democratic Republic of Congo,1990,436513,"45,59%"
Denmark,1990,201514,"98,75%"
Developed regions,1990,51826246,"0,38%"
Djibouti,1990,5308,"3749,06%"
Dominica,1990,40563,"490,59%"
Dominican Republic,1990,458021,"43,45%"
East Timor,1990,11261,"1767,16%"
Eastern Africa,1990,7784743,"2,56%"
Eastern Asia,1990,7049024,"2,82%"
Eastern Europe,1990,24779673,"0,80%"
Eastern and South-Eastern Asia,1990,14774419,"1,35%"
Ecuador,1990,214008,"92,99%"
Egypt,1990,1321915,"15,05%"
El Salvador,1990,1241849,"16,02%"
Equatorial Guinea,1990,36175,"550,10%"
Eritrea,1990,170603,"116,65%"
Estonia,1990,113860,"174,78%"
Eswatini,1990,35179,"565,68%"
Ethiopia,1990,1689941,"11,78%"
Europe,1990,47730278,"0,42%"
Europe and Northern America,1990,50532413,"0,39%"
Falkland Islands,1990,255,"78039,22%"
Faroe Islands,1990,7518,"2646,98%"
Fiji,1990,90161,"220,72%"
Finland,1990,250610,"79,41%"
France,1990,1215837,"16,37%"
French Guiana,1990,2840,"7007,04%"
French Polynesia,1990,3132,"6353,77%"
Gabon,1990,15347,"1296,67%"
Gambia,1990,36280,"548,51%"
Georgia,1990,919438,"21,64%"
Germany,1990,2929448,"6,79%"
Ghana,1990,371157,"53,62%"
Gibraltar,1990,11989,"1659,85%"
Greece,1990,1022125,"19,47%"
Greenland,1990,9504,"2093,86%"
Grenada,1990,43237,"460,25%"
Guadeloupe,1990,5765,"3451,86%"
Guam,1990,1375,"14472,73%"
Guatemala,1990,348189,"57,15%"
Guinea,1990,352763,"56,41%"
Guinea-Bissau,1990,55406,"359,17%"
Guyana,1990,233318,"85,29%"
Haiti,1990,524711,"37,93%"
High-income countries,1990,34008977,"0,59%"
Honduras,1990,156379,"127,25%"
Hong Kong,1990,549125,"36,24%"
Hungary,1990,391583,"50,82%"
Iceland,1990,17597,"1130,87%"
India,1990,6619431,"3,01%"
Indonesia,1990,1622259,"12,27%"
Iran,1990,631196,"31,53%"
Iraq,1990,642933,"30,95%"
Ireland,1990,917101,"21,70%"
Isle of Man,1990,10735,"1853,75%"
Israel,1990,279625,"71,17%"
Italy,1990,3350982,"5,94%"
Jamaica,1990,588450,"33,82%"
Japan,1990,604803,"32,90%"
Jordan,1990,313621,"63,45%"
Kazakhstan,1990,2971634,"6,70%"
Kenya,1990,250332,"79,49%"
Kiribati,1990,4053,"4909,94%"
Kuwait,1990,81583,"243,92%"
Kyrgyzstan,1990,522574,"38,08%"
Land-locked Developing Countries (LLDC),1990,25086015,"0,79%"
Laos,1990,483008,"41,20%"
Latin America and the Caribbean,1990,15273399,"1,30%"
Latvia,1990,215070,"92,53%"
Least developed countries,1990,29823372,"0,67%"
Lebanon,1990,507722,"39,19%"
Lesotho,1990,191328,"104,01%"
Less developed regions,1990,92519577,"0,22%"
"Less developed regions, excluding China",1990,87652367,"0,23%"
"Less developed regions, excluding least developed countries",1990,62696205,"0,32%"
Liberia,1990,516878,"38,50%"
Libya,1990,76239,"261,02%"
Liechtenstein,1990,3425,"5810,22%"
Lithuania,1990,340973,"58,36%"
Low-income countries,1990,21142448,"0,94%"
Lower-middle-income countries,1990,42707281,"0,47%"
Luxembourg,1990,36108,"551,12%"
Macao,1990,86460,"230,16%"
Madagascar,1990,59415,"334,93%"
Malawi,1990,143436,"138,74%"
Malaysia,1990,560353,"35,51%"
Maldives,1990,2192,"9078,47%"
Mali,1990,647426,"30,74%"
Malta,1990,110738,"179,70%"
Marshall Islands,1990,1426,"13955,12%"
Martinique,1990,11036,"1803,19%"
Mauritania,1990,134478,"147,98%"
Mauritius,1990,110707,"179,75%"
Mayotte,1990,1835,"10844,69%"
Melanesia,1990,104497,"190,44%"
Mexico,1990,4395355,"4,53%"
Micronesia,1990,21460,"927,31%"
Micronesia (country),1990,7713,"2580,06%"
Middle Africa,1990,1922243,"10,35%"
Middle-income countries,1990,88958999,"0,22%"
Moldova,1990,625680,"31,81%"
Monaco,1990,4475,"4446,93%"
Mongolia,1990,24466,"813,37%"
Montenegro,1990,77384,"257,16%"
Montserrat,1990,7178,"2772,36%"
Morocco,1990,1748116,"11,38%"
Mozambique,1990,2222354,"8,95%"
Myanmar,1990,685308,"29,04%"
Namibia,1990,16077,"1237,79%"
Nauru,1990,1419,"14023,96%"
Nepal,1990,748053,"26,60%"
Netherlands,1990,716471,"27,78%"
New Caledonia,1990,4148,"4797,49%"
New Zealand,1990,388017,"51,29%"
Nicaragua,1990,441488,"45,07%"
Niger,1990,149777,"132,86%"
Nigeria,1990,446753,"44,54%"
Niue,1990,5858,"3397,06%"
North Korea,1990,39383,"505,29%"
North Macedonia,1990,432070,"46,06%"
Northern Africa,1990,5286657,"3,76%"
Northern Africa and Western Asia,1990,16365218,"1,22%"
Northern America,1990,2802135,"7,10%"
Northern Europe,1990,6227251,"3,20%"
Northern Mariana Islands,1990,2517,"7906,24%"
Norway,1990,138289,"143,90%"
Oceania,1990,961547,"20,70%"
Oceania (excluding Australia and New Zealand),1990,272517,"73,02%"
Oman,1990,12504,"1591,49%"
Other,1990,8640334,"2,30%"
Pakistan,1990,3341086,"5,96%"
Palau,1990,2957,"6729,79%"
Palestine,1990,1812673,"10,98%"
Panama,1990,134392,"148,07%"
Papua New Guinea,1990,3107,"6404,89%"
Paraguay,1990,297742,"66,84%"
Peru,1990,313209,"63,54%"
Philippines,1990,2012499,"9,89%"
Poland,1990,1673426,"11,89%"
Polynesia,1990,146560,"135,78%"
Portugal,1990,1871869,"10,63%"
Puerto Rico,1990,1200245,"16,58%"
Qatar,1990,12175,"1634,50%"
Reunion,1990,3087,"6446,39%"
Romania,1990,811853,"24,51%"
Russia,1990,12653331,"1,57%"
Rwanda,1990,547717,"36,33%"
Saint Barthelemy,1990,0,none
Saint Helena,1990,884,"22511,31%"
Saint Kitts and Nevis,1990,18618,"1068,86%"
Saint Lucia,1990,21999,"904,59%"
Saint Martin (French part),1990,0,none
Saint Pierre and Miquelon,1990,483,"41200,83%"
Saint Vincent and the Grenadines,1990,37010,"537,69%"
Samoa,1990,74861,"265,83%"
San Marino,1990,1413,"14083,51%"
Sao Tome and Principe,1990,13965,"1424,99%"
Saudi Arabia,1990,107045,"185,90%"
Senegal,1990,370243,"53,75%"
Serbia,1990,742547,"26,80%"
Seychelles,1990,35633,"558,47%"
Sierra Leone,1990,61853,"321,73%"
Singapore,1990,156444,"127,20%"
Sint Maarten (Dutch part),1990,707,"28147,10%"
Slovakia,1990,132977,"149,65%"
Slovenia,1990,91447,"217,61%"
Small island developing States (SIDS),1990,5452503,"3,65%"
Solomon Islands,1990,2212,"8996,38%"
Somalia,1990,848055,"23,47%"
South Africa,1990,308120,"64,59%"
South America,1990,4310588,"4,62%"
South Korea,1990,1513162,"13,15%"
South Sudan,1990,514943,"38,65%"
South-Eastern Asia,1990,7725395,"2,58%"
Southern Africa,1990,576752,"34,50%"
Southern Asia,1990,25384128,"0,78%"
Southern Europe,1990,10622826,"1,87%"
Spain,1990,1439004,"13,83%"
Sri Lanka,1990,883684,"22,52%"
Sub-Saharan Africa,1990,15334807,"1,30%"
Sudan,1990,584935,"34,02%"
Suriname,1990,177857,"111,89%"
Sweden,1990,205942,"96,63%"
Switzerland,1990,325580,"61,12%"
Syria,1990,620285,"32,08%"
Taiwan,1990,0,none
Tajikistan,1990,537699,"37,01%"
Tanzania,1990,203043,"98,01%"
Thailand,1990,306924,"64,84%"
Togo,1990,193827,"102,67%"
Tokelau,1990,1684,"11817,10%"
Tonga,1990,32665,"609,21%"
Trinidad and Tobago,1990,197440,"100,79%"
Tunisia,1990,465549,"42,75%"
Turkey,1990,2512944,"7,92%"
Turkmenistan,1990,260005,"76,54%"
Turks and Caicos Islands,1990,2308,"8622,18%"
Tuvalu,1990,2350,"8468,09%"
Uganda,1990,311591,"63,87%"
Ukraine,1990,5545517,"3,59%"
United Arab Emirates,1990,79499,"250,32%"
United Kingdom,1990,3789316,"5,25%"
United States,1990,1726213,"11,53%"
United States Virgin Islands,1990,2309,"8618,45%"
Upper-middle-income countries,1990,46251718,"0,43%"
Uruguay,1990,237486,"83,79%"
Uzbekistan,1990,1427980,"13,94%"
Vanuatu,1990,4869,"4087,08%"
Vatican,1990,10,"1990000,00%"
Venezuela,1990,185492,"107,28%"
Vietnam,1990,1505588,"13,22%"
Wallis and Futuna,1990,6484,"3069,09%"
Western Africa,1990,5051069,"3,94%"
Western Asia,1990,11078561,"1,80%"
Western Europe,1990,6100528,"3,26%"
Western Sahara,1990,168238,"118,28%"
World,1990,152986157,"0,13%"
Yemen,1990,455492,"43,69%"
Zambia,1990,85201,"233,57%"
Zimbabwe,1990,204363,"97,38%"
Afghanistan,1995,4347049,"4,59%"
Africa,1995,22341394,"0,89%"
Albania,1995,501066,"39,82%"
Algeria,1995,979641,"20,36%"
American Samoa,1995,2638,"7562,55%"
Andorra,1995,4142,"4816,51%"
Angola,1995,688581,"28,97%"
Anguilla,1995,2166,"9210,53%"
Antigua and Barbuda,1995,26965,"739,85%"
Argentina,1995,481968,"41,39%"
Armenia,1995,901859,"22,12%"
Aruba,1995,6705,"2975,39%"
Asia,1995,59147922,"0,34%"
Australia,1995,341312,"58,45%"
Australia and New Zealand,1995,758234,"26,31%"
Austria,1995,490045,"40,71%"
Azerbaijan,1995,1712214,"11,65%"
Bahamas,1995,29594,"674,12%"
Bahrain,1995,26014,"766,89%"
Bangladesh,1995,5423528,"3,68%"
Barbados,1995,89612,"222,63%"
Belarus,1995,1736493,"11,49%"
Belgium,1995,374734,"53,24%"
Belize,1995,41950,"475,57%"
Benin,1995,275696,"72,36%"
Bermuda,1995,42587,"468,45%"
Bhutan,1995,117967,"169,12%"
Bolivia,1995,283540,"70,36%"
Bonaire Sint Eustatius and Saba,1995,540,"36944,44%"
Bosnia and Herzegovina,1995,1372526,"14,54%"
Botswana,1995,23315,"855,67%"
Brazil,1995,730491,"27,31%"
British Virgin Islands,1995,3368,"5923,40%"
Brunei,1995,35052,"569,15%"
Bulgaria,1995,649430,"30,72%"
Burkina Faso,1995,1215665,"16,41%"
Burundi,1995,540558,"36,91%"
Cambodia,1995,418213,"47,70%"
Cameroon,1995,138936,"143,59%"
Canada,1995,1064305,"18,74%"
Cape Verde,1995,106954,"186,53%"
Caribbean,1995,5035853,"3,96%"
Cayman Islands,1995,794,"25125,94%"
Central African Republic,1995,49205,"405,45%"
Central America,1995,9288464,"2,15%"
Central Asia,1995,6159859,"3,24%"
Central and Southern Asia,1995,29069983,"0,69%"
Chad,1995,223096,"89,42%"
Channel Islands,1995,15626,"1276,72%"
Chile,1995,499207,"39,96%"
China,1995,5030321,"3,97%"
Colombia,1995,1215967,"16,41%"
Comoros,1995,51290,"388,96%"
Congo,1995,115677,"172,46%"
Cook Islands,1995,17009,"1172,91%"
Costa Rica,1995,84980,"234,76%"
Cote d'Ivoire,1995,449498,"44,38%"
Croatia,1995,735213,"27,13%"
Cuba,1995,934168,"21,36%"
Curacao,1995,2849,"7002,46%"
Cyprus,1995,163275,"122,19%"
Czechia,1995,620286,"32,16%"
Democratic Republic of Congo,1995,559824,"35,64%"
Denmark,1995,207707,"96,05%"
Developed regions,1995,52993691,"0,38%"
Djibouti,1995,6964,"2864,73%"
Dominica,1995,44210,"451,26%"
Dominican Republic,1995,667015,"29,91%"
East Timor,1995,79050,"252,37%"
Eastern Africa,1995,7734774,"2,58%"
Eastern Asia,1995,8166675,"2,44%"
Eastern Europe,1995,24168588,"0,83%"
Eastern and South-Eastern Asia,1995,17860923,"1,12%"
Ecuador,1995,326230,"61,15%"
Egypt,1995,1492004,"13,37%"
El Salvador,1995,933103,"21,38%"
Equatorial Guinea,1995,46412,"429,85%"
Eritrea,1995,375257,"53,16%"
Estonia,1995,129586,"153,95%"
Eswatini,1995,30340,"657,55%"
Ethiopia,1995,816420,"24,44%"
Europe,1995,48636003,"0,41%"
Europe and Northern America,1995,51582164,"0,39%"
Falkland Islands,1995,760,"26250,00%"
Faroe Islands,1995,10003,"1994,40%"
Fiji,1995,106488,"187,35%"
Finland,1995,288655,"69,11%"
France,1995,1353297,"14,74%"
French Guiana,1995,3221,"6193,73%"
French Polynesia,1995,3738,"5337,08%"
Gabon,1995,16610,"1201,08%"
Gambia,1995,38384,"519,75%"
Georgia,1995,953280,"20,93%"
Germany,1995,3045354,"6,55%"
Ghana,1995,428051,"46,61%"
Gibraltar,1995,10130,"1969,40%"
Greece,1995,1004201,"19,87%"
Greenland,1995,11361,"1756,01%"
Grenada,1995,54075,"368,93%"
Guadeloupe,1995,6748,"2956,43%"
Guam,1995,1614,"12360,59%"
Guatemala,1995,461891,"43,19%"
Guinea,1995,365862,"54,53%"
Guinea-Bissau,1995,67149,"297,10%"
Guyana,1995,295292,"67,56%"
Haiti,1995,661354,"30,17%"
High-income countries,1995,35677967,"0,56%"
Honduras,1995,246575,"80,91%"
Hong Kong,1995,617237,"32,32%"
Hungary,1995,404141,"49,36%"
Iceland,1995,21433,"930,81%"
India,1995,7153439,"2,79%"
Indonesia,1995,1937233,"10,30%"
Iran,1995,746739,"26,72%"
Iraq,1995,752604,"26,51%"
Ireland,1995,863541,"23,10%"
Isle of Man,1995,9003,"2215,93%"
Israel,1995,290365,"68,71%"
Italy,1995,3207728,"6,22%"
Jamaica,1995,718362,"27,77%"
Japan,1995,653293,"30,54%"
Jordan,1995,339026,"58,85%"
Kazakhstan,1995,3295157,"6,05%"
Kenya,1995,277647,"71,85%"
Kiribati,1995,4246,"4698,54%"
Kuwait,1995,97009,"205,65%"
Kyrgyzstan,1995,550022,"36,27%"
Land-locked Developing Countries (LLDC),1995,23874777,"0,84%"
Laos,1995,547786,"36,42%"
Latin America and the Caribbean,1995,19669704,"1,01%"
Latvia,1995,228958,"87,13%"
Least developed countries,1995,28117338,"0,71%"
Lebanon,1995,531538,"37,53%"
Lesotho,1995,136593,"146,05%"
Less developed regions,1995,100818788,"0,20%"
"Less developed regions, excluding China",1995,95081133,"0,21%"
"Less developed regions, excluding least developed countries",1995,72701450,"0,27%"
Liberia,1995,542295,"36,79%"
Libya,1995,77398,"257,76%"
Liechtenstein,1995,3018,"6610,34%"
Lithuania,1995,342389,"58,27%"
Low-income countries,1995,18959483,"1,05%"
Lower-middle-income countries,1995,45870487,"0,43%"
Luxembourg,1995,37875,"526,73%"
Macao,1995,90097,"221,43%"
Madagascar,1995,67324,"296,33%"
Malawi,1995,150825,"132,27%"
Malaysia,1995,861208,"23,17%"
Maldives,1995,1687,"11825,73%"
Mali,1995,820564,"24,31%"
Malta,1995,109839,"181,63%"
Marshall Islands,1995,4154,"4802,60%"
Martinique,1995,12501,"1595,87%"
Mauritania,1995,151710,"131,50%"
Mauritius,1995,114073,"174,89%"
Mayotte,1995,3937,"5067,31%"
Melanesia,1995,123300,"161,80%"
Mexico,1995,6949276,"2,87%"
Micronesia,1995,29154,"684,30%"
Micronesia (country),1995,12138,"1643,60%"
Middle Africa,1995,1857602,"10,74%"
Middle-income countries,1995,98929758,"0,20%"
Moldova,1995,620030,"32,18%"
Monaco,1995,4784,"4170,15%"
Mongolia,1995,27694,"720,37%"
Montenegro,1995,144640,"137,93%"
Montserrat,1995,11586,"1721,91%"
Morocco,1995,1883924,"10,59%"
Mozambique,1995,812685,"24,55%"
Myanmar,1995,911445,"21,89%"
Namibia,1995,28220,"706,95%"
Nauru,1995,1511,"13203,18%"
Nepal,1995,856028,"23,31%"
Netherlands,1995,726856,"27,45%"
New Caledonia,1995,4600,"4336,96%"
New Zealand,1995,416922,"47,85%"
Nicaragua,1995,437711,"45,58%"
Niger,1995,177067,"112,67%"
Nigeria,1995,524535,"38,03%"
Niue,1995,5571,"3581,04%"
North Korea,1995,53797,"370,84%"
North Macedonia,1995,491992,"40,55%"
Northern Africa,1995,5852421,"3,41%"
Northern Africa and Western Asia,1995,18069437,"1,10%"
Northern America,1995,2946161,"6,77%"
Northern Europe,1995,6202247,"3,22%"
Northern Mariana Islands,1995,2647,"7536,83%"
Norway,1995,151041,"132,08%"
Oceania,1995,1071295,"18,62%"
Oceania (excluding Australia and New Zealand),1995,313061,"63,73%"
Oman,1995,13844,"1441,06%"
Other,1995,7477497,"2,67%"
Pakistan,1995,3340157,"5,97%"
Palau,1995,2844,"7014,77%"
Palestine,1995,2274589,"8,77%"
Panama,1995,132978,"150,02%"
Papua New Guinea,1995,4059,"4915,00%"
Paraguay,1995,335845,"59,40%"
Peru,1995,505474,"39,47%"
Philippines,1995,2481963,"8,04%"
Poland,1995,1775774,"11,23%"
Polynesia,1995,160607,"124,22%"
Portugal,1995,1920865,"10,39%"
Puerto Rico,1995,1405619,"14,19%"
Qatar,1995,13302,"1499,77%"
Reunion,1995,2623,"7605,79%"
Romania,1995,976732,"20,43%"
Russia,1995,11587959,"1,72%"
Rwanda,1995,2060363,"9,68%"
Saint Barthelemy,1995,0,none
Saint Helena,1995,2207,"9039,42%"
Saint Kitts and Nevis,1995,24662,"808,94%"
Saint Lucia,1995,30672,"650,43%"
Saint Martin (French part),1995,0,none
Saint Pierre and Miquelon,1995,477,"41823,90%"
Saint Vincent and the Grenadines,1995,45669,"436,84%"
Samoa,1995,81952,"243,44%"
San Marino,1995,2456,"8122,96%"
Sao Tome and Principe,1995,19261,"1035,77%"
Saudi Arabia,1995,130911,"152,39%"
Senegal,1995,359061,"55,56%"
Serbia,1995,914112,"21,82%"
Seychelles,1995,27798,"717,68%"
Sierra Leone,1995,457827,"43,58%"
Singapore,1995,168100,"118,68%"
Sint Maarten (Dutch part),1995,914,"21827,13%"
Slovakia,1995,191610,"104,12%"
Slovenia,1995,108611,"183,68%"
Small island developing States (SIDS),1995,6572361,"3,04%"
Solomon Islands,1995,2542,"7848,15%"
Somalia,1995,968956,"20,59%"
South Africa,1995,385988,"51,69%"
South America,1995,5345387,"3,73%"
South Korea,1995,1694236,"11,78%"
South Sudan,1995,438044,"45,54%"
South-Eastern Asia,1995,9694248,"2,06%"
Southern Africa,1995,604456,"33,00%"
Southern Asia,1995,22910124,"0,87%"
Southern Europe,1995,11889956,"1,68%"
Spain,1995,1362409,"14,64%"
Sri Lanka,1995,923530,"21,60%"
Sub-Saharan Africa,1995,16488973,"1,21%"
Sudan,1995,775375,"25,73%"
Suriname,1995,191535,"104,16%"
Sweden,1995,225655,"88,41%"
Switzerland,1995,339249,"58,81%"
Syria,1995,661278,"30,17%"
Taiwan,1995,0,none
Tajikistan,1995,555426,"35,92%"
Tanzania,1995,229151,"87,06%"
Thailand,1995,411878,"48,44%"
Togo,1995,309616,"64,43%"
Tokelau,1995,1810,"11022,10%"
Tonga,1995,38208,"522,14%"
Trinidad and Tobago,1995,251142,"79,44%"
Tunisia,1995,476933,"41,83%"
Turkey,1995,2771731,"7,20%"
Turkmenistan,1995,243523,"81,92%"
Turks and Caicos Islands,1995,1533,"13013,70%"
Tuvalu,1995,2738,"7286,34%"
Uganda,1995,361969,"55,12%"
Ukraine,1995,5606133,"3,56%"
United Arab Emirates,1995,97928,"203,72%"
United Kingdom,1995,3708650,"5,38%"
United States,1995,1827431,"10,92%"
United States Virgin Islands,1995,3030,"6584,16%"
Upper-middle-income countries,1995,53059271,"0,38%"
Uruguay,1995,233993,"85,26%"
Uzbekistan,1995,1515731,"13,16%"
Vanuatu,1995,5611,"3555,52%"
Vatican,1995,26,"767307,69%"
Venezuela,1995,241864,"82,48%"
Vietnam,1995,1842320,"10,83%"
Wallis and Futuna,1995,6943,"2873,40%"
Western Africa,1995,6292141,"3,17%"
Western Asia,1995,12217016,"1,63%"
Western Europe,1995,6375212,"3,13%"
Western Sahara,1995,167146,"119,36%"
World,1995,161289976,"0,12%"
Yemen,1995,486249,"41,03%"
Zambia,1995,140895,"141,59%"
Zimbabwe,1995,287995,"69,27%"
Afghanistan,2000,4750677,"4,21%"
Africa,2000,22080003,"0,91%"
Albania,2000,824442,"24,26%"
Algeria,2000,1037985,"19,27%"
American Samoa,2000,3186,"6277,46%"
Andorra,2000,5575,"3587,44%"
Angola,2000,913206,"21,90%"
Anguilla,2000,2508,"7974,48%"
Antigua and Barbuda,2000,32782,"610,09%"
Argentina,2000,555542,"36,00%"
Armenia,2000,877148,"22,80%"
Aruba,2000,7662,"2610,28%"
Asia,2000,65333613,"0,31%"
Australia,2000,381836,"52,38%"
Australia and New Zealand,2000,871660,"22,94%"
Austria,2000,478091,"41,83%"
Azerbaijan,2000,1630589,"12,27%"
Bahamas,2000,34301,"583,07%"
Bahrain,2000,47736,"418,97%"
Bangladesh,2000,5441094,"3,68%"
Barbados,2000,94998,"210,53%"
Belarus,2000,1685646,"11,86%"
Belgium,2000,398864,"50,14%"
Belize,2000,48211,"414,84%"
Benin,2000,328046,"60,97%"
Bermuda,2000,14079,"1420,56%"
Bhutan,2000,120183,"166,41%"
Bolivia,2000,344702,"58,02%"
Bonaire Sint Eustatius and Saba,2000,647,"30911,90%"
Bosnia and Herzegovina,2000,1496691,"13,36%"
Botswana,2000,26683,"749,54%"
Brazil,2000,940458,"21,27%"
British Virgin Islands,2000,3683,"5430,36%"
Brunei,2000,45242,"442,07%"
Bulgaria,2000,688682,"29,04%"
Burkina Faso,2000,1279414,"15,63%"
Burundi,2000,758673,"26,36%"
Cambodia,2000,459621,"43,51%"
Cameroon,2000,164296,"121,73%"
Canada,2000,1142641,"17,50%"
Cape Verde,2000,124823,"160,23%"
Caribbean,2000,5966487,"3,35%"
Cayman Islands,2000,1278,"15649,45%"
Central African Republic,2000,55416,"360,91%"
Central America,2000,12228703,"1,64%"
Central Asia,2000,6462345,"3,09%"
Central and Southern Asia,2000,30897694,"0,65%"
Chad,2000,206052,"97,06%"
Channel Islands,2000,12825,"1559,45%"
Chile,2000,511997,"39,06%"
China,2000,5884919,"3,40%"
Colombia,2000,1433940,"13,95%"
Comoros,2000,70502,"283,68%"
Congo,2000,135235,"147,89%"
Cook Islands,2000,19478,"1026,80%"
Costa Rica,2000,105227,"190,07%"
Cote d'Ivoire,2000,539234,"37,09%"
Croatia,2000,907031,"22,05%"
Cuba,2000,1047789,"19,09%"
Curacao,2000,3779,"5292,41%"
Cyprus,2000,153561,"130,24%"
Czechia,2000,723333,"27,65%"
Democratic Republic of Congo,2000,862039,"23,20%"
Denmark,2000,217761,"91,84%"
Developed regions,2000,54458296,"0,37%"
Djibouti,2000,9055,"2208,72%"
Dominica,2000,48275,"414,29%"
Dominican Republic,2000,889451,"22,49%"
East Timor,2000,148339,"134,83%"
Eastern Africa,2000,6079992,"3,29%"
Eastern Asia,2000,9352688,"2,14%"
Eastern Europe,2000,23820659,"0,84%"
Eastern and South-Eastern Asia,2000,21440854,"0,93%"
Ecuador,2000,446380,"44,80%"
Egypt,2000,1708296,"11,71%"
El Salvador,2000,949042,"21,07%"
Equatorial Guinea,2000,59930,"333,72%"
Eritrea,2000,511506,"39,10%"
Estonia,2000,141821,"141,02%"
Eswatini,2000,34116,"586,24%"
Ethiopia,2000,445886,"44,85%"
Europe,2000,49727784,"0,40%"
Europe and Northern America,2000,52877703,"0,38%"
Falkland Islands,2000,1262,"15847,86%"
Faroe Islands,2000,12410,"1611,60%"
Fiji,2000,131908,"151,62%"
Finland,2000,315861,"63,32%"
France,2000,1555391,"12,86%"
French Guiana,2000,3640,"5494,51%"
French Polynesia,2000,4300,"4651,16%"
Gabon,2000,18041,"1108,59%"
Gambia,2000,45427,"440,27%"
Georgia,2000,967022,"20,68%"
Germany,2000,3235247,"6,18%"
Ghana,2000,495887,"40,33%"
Gibraltar,2000,8451,"2366,58%"
Greece,2000,982685,"20,35%"
Greenland,2000,13388,"1493,88%"
Grenada,2000,63791,"313,52%"
Guadeloupe,2000,7750,"2580,65%"
Guam,2000,2797,"7150,52%"
Guatemala,2000,582796,"34,32%"
Guinea,2000,377019,"53,05%"
Guinea-Bissau,2000,77664,"257,52%"
Guyana,2000,362157,"55,22%"
Haiti,2000,802218,"24,93%"
High-income countries,2000,38024485,"0,53%"
Honduras,2000,342103,"58,46%"
Hong Kong,2000,685913,"29,16%"
Hungary,2000,420959,"47,51%"
Iceland,2000,26173,"764,15%"
India,2000,7928051,"2,52%"
Indonesia,2000,2415077,"8,28%"
Iran,2000,831205,"24,06%"
Iraq,2000,828414,"24,14%"
Ireland,2000,820657,"24,37%"
Isle of Man,2000,7377,"2711,13%"
Israel,2000,303860,"65,82%"
Italy,2000,3067498,"6,52%"
Jamaica,2000,857865,"23,31%"
Japan,2000,708933,"28,21%"
Jordan,2000,368299,"54,30%"
Kazakhstan,2000,3554484,"5,63%"
Kenya,2000,317434,"63,01%"
Kiribati,2000,3991,"5011,28%"
Kuwait,2000,113415,"176,34%"
Kyrgyzstan,2000,566315,"35,32%"
Land-locked Developing Countries (LLDC),2000,23134479,"0,86%"
Laos,2000,649287,"30,80%"
Latin America and the Caribbean,2000,24628700,"0,81%"
Latvia,2000,238641,"83,81%"
Least developed countries,2000,28062489,"0,71%"
Lebanon,2000,558891,"35,79%"
Lesotho,2000,120565,"165,89%"
Less developed regions,2000,111708559,"0,18%"
"Less developed regions, excluding China",2000,105043210,"0,19%"
"Less developed regions, excluding least developed countries",2000,83646070,"0,24%"
Liberia,2000,248412,"80,51%"
Libya,2000,80014,"249,96%"
Liechtenstein,2000,2688,"7440,48%"
Lithuania,2000,348564,"57,38%"
Low-income countries,2000,18002895,"1,11%"
Lower-middle-income countries,2000,50294136,"0,40%"
Luxembourg,2000,39762,"502,99%"
Macao,2000,94517,"211,60%"
Madagascar,2000,77089,"259,44%"
Malawi,2000,186229,"107,39%"
Malaysia,2000,1201135,"16,65%"
Maldives,2000,1216,"16447,37%"
Mali,2000,772866,"25,88%"
Malta,2000,104869,"190,71%"
Marshall Islands,2000,6976,"2866,97%"
Martinique,2000,14019,"1426,64%"
Mauritania,2000,107607,"185,86%"
Mauritius,2000,119003,"168,06%"
Mayotte,2000,6214,"3218,54%"
Melanesia,2000,150371,"133,00%"
Mexico,2000,9562878,"2,09%"
Micronesia,2000,39034,"512,37%"
Micronesia (country),2000,16914,"1182,45%"
Middle Africa,2000,2439360,"8,20%"
Middle-income countries,2000,109879954,"0,18%"
Moldova,2000,602773,"33,18%"
Monaco,2000,5124,"3903,20%"
Mongolia,2000,30648,"652,57%"
Montenegro,2000,183451,"109,02%"
Montserrat,2000,16132,"1239,77%"
Morocco,2000,2077010,"9,63%"
Mozambique,2000,644421,"31,04%"
Myanmar,2000,1224310,"16,34%"
Namibia,2000,49348,"405,28%"
Nauru,2000,1593,"12554,93%"
Nepal,2000,977396,"20,46%"
Netherlands,2000,747631,"26,75%"
New Caledonia,2000,4941,"4047,76%"
New Zealand,2000,489824,"40,83%"
Nicaragua,2000,501517,"39,88%"
Niger,2000,205236,"97,45%"
Nigeria,2000,610130,"32,78%"
Niue,2000,5749,"3478,87%"
North Korea,2000,72350,"276,43%"
North Macedonia,2000,532132,"37,58%"
Northern Africa,2000,6441989,"3,10%"
Northern Africa and Western Asia,2000,19437054,"1,03%"
Northern America,2000,3149919,"6,35%"
Northern Europe,2000,6422540,"3,11%"
Northern Mariana Islands,2000,2765,"7233,27%"
Norway,2000,163834,"122,07%"
Oceania,2000,1246836,"16,04%"
Oceania (excluding Australia and New Zealand),2000,375176,"53,31%"
Oman,2000,15623,"1280,16%"
Other,2000,7063730,"2,83%"
Pakistan,2000,3406434,"5,87%"
Palau,2000,3998,"5002,50%"
Palestine,2000,2767331,"7,23%"
Panama,2000,136929,"146,06%"
Papua New Guinea,2000,4552,"4393,67%"
Paraguay,2000,374675,"53,38%"
Peru,2000,694144,"28,81%"
Philippines,2000,3062665,"6,53%"
Poland,2000,2047626,"9,77%"
Polynesia,2000,185771,"107,66%"
Portugal,2000,1993793,"10,03%"
Puerto Rico,2000,1600058,"12,50%"
Qatar,2000,14680,"1362,40%"
Reunion,2000,2360,"8474,58%"
Romania,2000,1138825,"17,56%"
Russia,2000,10664764,"1,88%"
Rwanda,2000,318198,"62,85%"
Saint Barthelemy,2000,0,none
Saint Helena,2000,3715,"5383,58%"
Saint Kitts and Nevis,2000,30867,"647,94%"
Saint Lucia,2000,39556,"505,61%"
Saint Martin (French part),2000,0,none
Saint Pierre and Miquelon,2000,484,"41322,31%"
Saint Vincent and the Grenadines,2000,53543,"373,53%"
Samoa,2000,94541,"211,55%"
San Marino,2000,3494,"5724,10%"
Sao Tome and Principe,2000,25145,"795,39%"
Saudi Arabia,2000,153614,"130,20%"
Senegal,2000,394608,"50,68%"
Serbia,2000,1131919,"17,67%"
Seychelles,2000,19244,"1039,28%"
Sierra Leone,2000,509098,"39,29%"
Singapore,2000,192930,"103,66%"
Sint Maarten (Dutch part),2000,1186,"16863,41%"
Slovakia,2000,251533,"79,51%"
Slovenia,2000,118659,"168,55%"
Small island developing States (SIDS),2000,7793822,"2,57%"
Solomon Islands,2000,2728,"7331,38%"
Somalia,2000,1006128,"19,88%"
South Africa,2000,501600,"39,87%"
South America,2000,6433510,"3,11%"
South Korea,2000,1875408,"10,66%"
South Sudan,2000,342628,"58,37%"
South-Eastern Asia,2000,12088166,"1,65%"
Southern Africa,2000,732312,"27,31%"
Southern Asia,2000,24435349,"0,82%"
Southern Europe,2000,12651345,"1,58%"
Spain,2000,1290614,"15,50%"
Sri Lanka,2000,979093,"20,43%"
Sub-Saharan Africa,2000,15638014,"1,28%"
Sudan,2000,885660,"22,58%"
Suriname,2000,211219,"94,69%"
Sweden,2000,256610,"77,94%"
Switzerland,2000,370442,"53,99%"
Syria,2000,707070,"28,29%"
Taiwan,2000,0,none
Tajikistan,2000,541183,"36,96%"
Tanzania,2000,215460,"92,82%"
Thailand,2000,531028,"37,66%"
Togo,2000,267164,"74,86%"
Tokelau,2000,2061,"9704,03%"
Tonga,2000,46444,"430,63%"
Trinidad and Tobago,2000,307795,"64,98%"
Tunisia,2000,486964,"41,07%"
Turkey,2000,2847334,"7,02%"
Turkmenistan,2000,224398,"89,13%"
Turks and Caicos Islands,2000,740,"27027,03%"
Tuvalu,2000,2611,"7659,90%"
Uganda,2000,517776,"38,63%"
Ukraine,2000,5596518,"3,57%"
United Arab Emirates,2000,111082,"180,05%"
United Kingdom,2000,3860006,"5,18%"
United States,2000,1979327,"10,10%"
United States Virgin Islands,2000,3814,"5243,84%"
Upper-middle-income countries,2000,59585818,"0,34%"
Uruguay,2000,235641,"84,87%"
Uzbekistan,2000,1575965,"12,69%"
Vanuatu,2000,6242,"3204,10%"
Vatican,2000,41,"487804,88%"
Venezuela,2000,317753,"62,94%"
Vietnam,2000,2158532,"9,27%"
Wallis and Futuna,2000,7401,"2702,34%"
Western Africa,2000,6386350,"3,13%"
Western Asia,2000,12995065,"1,54%"
Western Europe,2000,6833240,"2,93%"
Western Sahara,2000,166060,"120,44%"
World,2000,173230585,"0,12%"
Yemen,2000,529396,"37,78%"
Zambia,2000,160201,"124,84%"
Zimbabwe,2000,351985,"56,82%"
Afghanistan,2005,4116739,"4,87%"
Africa,2005,25241406,"0,79%"
Albania,2005,966032,"20,76%"
Algeria,2005,1599647,"12,53%"
American Samoa,2005,2588,"7747,30%"
Andorra,2005,5727,"3500,96%"
Angola,2005,716766,"27,97%"
Anguilla,2005,2425,"8268,04%"
Antigua and Barbuda,2005,36398,"550,85%"
Argentina,2005,805291,"24,90%"
Armenia,2005,900648,"22,26%"
Aruba,2005,9482,"2114,53%"
Asia,2005,72806043,"0,28%"
Australia,2005,428769,"46,76%"
Australia and New Zealand,2005,984280,"20,37%"
Austria,2005,493349,"40,64%"
Azerbaijan,2005,1455180,"13,78%"
Bahamas,2005,34715,"577,56%"
Bahrain,2005,51835,"386,80%"
Bangladesh,2005,5492474,"3,65%"
Barbados,2005,92975,"215,65%"
Belarus,2005,1581160,"12,68%"
Belgium,2005,437701,"45,81%"
Belize,2005,51883,"386,45%"
Benin,2005,504165,"39,77%"
Bermuda,2005,14907,"1345,01%"
Bhutan,2005,120319,"166,64%"
Bolivia,2005,543766,"36,87%"
Bonaire Sint Eustatius and Saba,2005,753,"26626,83%"
Bosnia and Herzegovina,2005,1501036,"13,36%"
Botswana,2005,33281,"602,45%"
Brazil,2005,1194575,"16,78%"
British Virgin Islands,2005,4008,"5002,50%"
Brunei,2005,45314,"442,47%"
Bulgaria,2005,907821,"22,09%"
Burkina Faso,2005,1352292,"14,83%"
Burundi,2005,619916,"32,34%"
Cambodia,2005,674436,"29,73%"
Cameroon,2005,221232,"90,63%"
Canada,2005,1185156,"16,92%"
Cape Verde,2005,141984,"141,21%"
Caribbean,2005,6506671,"3,08%"
Cayman Islands,2005,1290,"15542,64%"
Central African Republic,2005,131410,"152,58%"
Central America,2005,13978650,"1,43%"
Central Asia,2005,6918899,"2,90%"
Central and Southern Asia,2005,33347690,"0,60%"
Chad,2005,210661,"95,18%"
Channel Islands,2005,14815,"1353,36%"
Chile,2005,541745,"37,01%"
China,2005,7337211,"2,73%"
Colombia,2005,1883904,"10,64%"
Comoros,2005,96143,"208,54%"
Congo,2005,172610,"116,16%"
Cook Islands,2005,19580,"1024,00%"
Costa Rica,2005,117618,"170,47%"
Cote d'Ivoire,2005,731962,"27,39%"
Croatia,2005,839084,"23,90%"
Cuba,2005,1160309,"17,28%"
Curacao,2005,4618,"4341,71%"
Cyprus,2005,153973,"130,22%"
Czechia,2005,752058,"26,66%"
Democratic Republic of Congo,2005,1130872,"17,73%"
Denmark,2005,224462,"89,32%"
Developed regions,2005,56551836,"0,35%"
Djibouti,2005,11987,"1672,65%"
Dominica,2005,64037,"313,10%"
Dominican Republic,2005,1014070,"19,77%"
East Timor,2005,94961,"211,14%"
Eastern Africa,2005,6192747,"3,24%"
Eastern Asia,2005,11019974,"1,82%"
Eastern Europe,2005,25554786,"0,78%"
Eastern and South-Eastern Asia,2005,25556983,"0,78%"
Ecuador,2005,986599,"20,32%"
Egypt,2005,1807941,"11,09%"
El Salvador,2005,1118793,"17,92%"
Equatorial Guinea,2005,71789,"279,29%"
Eritrea,2005,299311,"66,99%"
Estonia,2005,150101,"133,58%"
Eswatini,2005,44861,"446,94%"
Ethiopia,2005,524038,"38,26%"
Europe,2005,51336984,"0,39%"
Europe and Northern America,2005,54849090,"0,37%"
Falkland Islands,2005,1095,"18310,50%"
Faroe Islands,2005,12484,"1606,06%"
Fiji,2005,157045,"127,67%"
Finland,2005,300562,"66,71%"
France,2005,1725216,"11,62%"
French Guiana,2005,3800,"5276,32%"
French Polynesia,2005,2717,"7379,46%"
Gabon,2005,41357,"484,80%"
Gambia,2005,61209,"327,57%"
Georgia,2005,885523,"22,64%"
Germany,2005,3442933,"5,82%"
Ghana,2005,665731,"30,12%"
Gibraltar,2005,9643,"2079,23%"
Greece,2005,867619,"23,11%"
Greenland,2005,14618,"1371,60%"
Grenada,2005,64646,"310,15%"
Guadeloupe,2005,8911,"2250,03%"
Guam,2005,2535,"7909,27%"
Guatemala,2005,736715,"27,22%"
Guinea,2005,404677,"49,55%"
Guinea-Bissau,2005,82846,"242,02%"
Guyana,2005,392555,"51,08%"
Haiti,2005,967894,"20,72%"
High-income countries,2005,40882214,"0,49%"
Honduras,2005,448882,"44,67%"
Hong Kong,2005,752476,"26,65%"
Hungary,2005,466530,"42,98%"
Iceland,2005,28669,"699,36%"
India,2005,9588533,"2,09%"
Indonesia,2005,2781287,"7,21%"
Iran,2005,889502,"22,54%"
Iraq,2005,1340599,"14,96%"
Ireland,2005,769942,"26,04%"
Isle of Man,2005,8484,"2363,27%"
Israel,2005,317009,"63,25%"
Italy,2005,2698486,"7,43%"
Jamaica,2005,905170,"22,15%"
Japan,2005,718466,"27,91%"
Jordan,2005,440788,"45,49%"
Kazakhstan,2005,3717649,"5,39%"
Kenya,2005,362031,"55,38%"
Kiribati,2005,4021,"4986,32%"
Kuwait,2005,129005,"155,42%"
Kyrgyzstan,2005,652852,"30,71%"
Land-locked Developing Countries (LLDC),2005,24288062,"0,83%"
Laos,2005,897002,"22,35%"
Latin America and the Caribbean,2005,29338206,"0,68%"
Latvia,2005,270982,"73,99%"
Least developed countries,2005,29949899,"0,67%"
Lebanon,2005,608856,"32,93%"
Lesotho,2005,159071,"126,04%"
Less developed regions,2005,127074327,"0,16%"
"Less developed regions, excluding China",2005,118876449,"0,17%"
"Less developed regions, excluding least developed countries",2005,97124428,"0,21%"
Liberia,2005,354792,"56,51%"
Libya,2005,100248,"200,00%"
Liechtenstein,2005,2935,"6831,35%"
Lithuania,2005,412371,"48,62%"
Low-income countries,2005,18605623,"1,08%"
Lower-middle-income countries,2005,58177438,"0,34%"
Luxembourg,2005,52806,"379,69%"
Macao,2005,108191,"185,32%"
Madagascar,2005,148805,"134,74%"
Malawi,2005,222023,"90,31%"
Malaysia,2005,1379305,"14,54%"
Maldives,2005,2212,"9064,20%"
Mali,2005,895360,"22,39%"
Malta,2005,100245,"200,01%"
Marshall Islands,2005,6654,"3013,23%"
Martinique,2005,14340,"1398,19%"
Mauritania,2005,103107,"194,46%"
Mauritius,2005,130649,"153,46%"
Mayotte,2005,6468,"3099,88%"
Melanesia,2005,177020,"113,26%"
Mexico,2005,10817810,"1,85%"
Micronesia,2005,39932,"502,10%"
Micronesia (country),2005,18346,"1092,88%"
Middle Africa,2005,2726556,"7,35%"
Middle-income countries,2005,123912679,"0,16%"
Moldova,2005,715496,"28,02%"
Monaco,2005,19103,"1049,57%"
Mongolia,2005,42354,"473,39%"
Montenegro,2005,148013,"135,46%"
Montserrat,2005,15810,"1268,18%"
Morocco,2005,2470656,"8,12%"
Mozambique,2005,662951,"30,24%"
Myanmar,2005,1736590,"11,55%"
Namibia,2005,65598,"305,65%"
Nauru,2005,1869,"10727,66%"
Nepal,2005,1289629,"15,55%"
Netherlands,2005,790554,"25,36%"
New Caledonia,2005,5219,"3841,73%"
New Zealand,2005,555511,"36,09%"
Nicaragua,2005,555532,"36,09%"
Niger,2005,304086,"65,94%"
Nigeria,2005,817392,"24,53%"
Niue,2005,5291,"3789,45%"
North Korea,2005,86763,"231,09%"
North Macedonia,2005,458822,"43,70%"
Northern Africa,2005,7966421,"2,52%"
Northern Africa and Western Asia,2005,21867791,"0,92%"
Northern America,2005,3512106,"5,71%"
Northern Europe,2005,6780094,"2,96%"
Northern Mariana Islands,2005,2725,"7357,80%"
Norway,2005,174063,"115,19%"
Oceania,2005,1391418,"14,41%"
Oceania (excluding Australia and New Zealand),2005,407138,"49,25%"
Oman,2005,18824,"1065,13%"
Other,2005,7820665,"2,56%"
Pakistan,2005,3777830,"5,31%"
Palau,2005,3782,"5301,43%"
Palestine,2005,3258102,"6,15%"
Panama,2005,131417,"152,57%"
Papua New Guinea,2005,4493,"4462,50%"
Paraguay,2005,545698,"36,74%"
Peru,2005,969002,"20,69%"
Philippines,2005,3684528,"5,44%"
Poland,2005,2884657,"6,95%"
Polynesia,2005,190186,"105,42%"
Portugal,2005,1743009,"11,50%"
Puerto Rico,2005,1640015,"12,23%"
Qatar,2005,17131,"1170,39%"
Reunion,2005,2556,"7844,29%"
Romania,2005,2105906,"9,52%"
Russia,2005,10302948,"1,95%"
Rwanda,2005,289100,"69,35%"
Saint Barthelemy,2005,0,none
Saint Helena,2005,3268,"6135,25%"
Saint Kitts and Nevis,2005,33317,"601,79%"
Saint Lucia,2005,46897,"427,53%"
Saint Martin (French part),2005,0,none
Saint Pierre and Miquelon,2005,426,"47065,73%"
Saint Vincent and the Grenadines,2005,55611,"360,54%"
Samoa,2005,99230,"202,06%"
San Marino,2005,2907,"6897,14%"
Sao Tome and Principe,2005,29859,"671,49%"
Saudi Arabia,2005,178744,"112,17%"
Senegal,2005,470508,"42,61%"
Serbia,2005,960621,"20,87%"
Seychelles,2005,23487,"853,66%"
Sierra Leone,2005,151886,"132,01%"
Singapore,2005,235683,"85,07%"
Sint Maarten (Dutch part),2005,1246,"16091,49%"
Slovakia,2005,271828,"73,76%"
Slovenia,2005,119399,"167,92%"
Small island developing States (SIDS),2005,8501316,"2,36%"
Solomon Islands,2005,2999,"6685,56%"
Somalia,2005,1060953,"18,90%"
South Africa,2005,601803,"33,32%"
South America,2005,8852885,"2,26%"
South Korea,2005,1974513,"10,15%"
South Sudan,2005,228537,"87,73%"
South-Eastern Asia,2005,14537009,"1,38%"
Southern Africa,2005,904614,"22,16%"
Southern Asia,2005,26428791,"0,76%"
Southern Europe,2005,11535218,"1,74%"
Spain,2005,1114465,"17,99%"
Sri Lanka,2005,1151553,"17,41%"
Sub-Saharan Africa,2005,17274985,"1,16%"
Sudan,2005,1277632,"15,69%"
Suriname,2005,248782,"80,59%"
Sweden,2005,267953,"74,83%"
Switzerland,2005,502289,"39,92%"
Syria,2005,813361,"24,65%"
Taiwan,2005,0,none
Tajikistan,2005,586235,"34,20%"
Tanzania,2005,234918,"85,35%"
Thailand,2005,631678,"31,74%"
Togo,2005,405803,"49,41%"
Tokelau,2005,2090,"9593,30%"
Tonga,2005,48337,"414,80%"
Trinidad and Tobago,2005,322906,"62,09%"
Tunisia,2005,579009,"34,63%"
Turkey,2005,2577305,"7,78%"
Turkmenistan,2005,231939,"86,45%"
Turks and Caicos Islands,2005,1190,"16848,74%"
Tuvalu,2005,2917,"6873,50%"
Uganda,2005,586602,"34,18%"
Ukraine,2005,5566382,"3,60%"
United Arab Emirates,2005,125618,"159,61%"
United Kingdom,2005,4145206,"4,84%"
United States,2005,2296999,"8,73%"
United States Virgin Islands,2005,3638,"5511,27%"
Upper-middle-income countries,2005,65735241,"0,31%"
Uruguay,2005,298986,"67,06%"
Uzbekistan,2005,1730224,"11,59%"
Vanuatu,2005,7264,"2760,19%"
Vatican,2005,110,"182272,73%"
Venezuela,2005,437087,"45,87%"
Vietnam,2005,2376225,"8,44%"
Wallis and Futuna,2005,7436,"2696,34%"
Western Africa,2005,7451068,"2,69%"
Western Asia,2005,13901370,"1,44%"
Western Europe,2005,7466886,"2,69%"
Western Sahara,2005,131288,"152,72%"
World,2005,191446828,"0,10%"
Yemen,2005,628869,"31,88%"
Zambia,2005,181499,"110,47%"
Zimbabwe,2005,500773,"40,04%"
Afghanistan,2010,5269518,"3,81%"
Africa,2010,29193852,"0,69%"
Albania,2010,1117940,"17,98%"
Algeria,2010,1655264,"12,14%"
American Samoa,2010,2157,"9318,50%"
Andorra,2010,7909,"2541,41%"
Angola,2010,651383,"30,86%"
Anguilla,2010,2273,"8842,94%"
Antigua and Barbuda,2010,41347,"486,13%"
Argentina,2010,938639,"21,41%"
Armenia,2010,917043,"21,92%"
Aruba,2010,13524,"1486,25%"
Asia,2010,88122177,"0,23%"
Australia,2010,486949,"41,28%"
Australia and New Zealand,2010,1149265,"17,49%"
Austria,2010,517401,"38,85%"
Azerbaijan,2010,1160863,"17,31%"
Bahamas,2010,35990,"558,49%"
Bahrain,2010,52235,"384,80%"
Bangladesh,2010,6319871,"3,18%"
Barbados,2010,96193,"208,95%"
Belarus,2010,1464702,"13,72%"
Belgium,2010,484032,"41,53%"
Belize,2010,57371,"350,35%"
Benin,2010,541152,"37,14%"
Bermuda,2010,15313,"1312,61%"
Bhutan,2010,91934,"218,64%"
Bolivia,2010,779961,"25,77%"
Bonaire Sint Eustatius and Saba,2010,7065,"2845,01%"
Bosnia and Herzegovina,2010,1572925,"12,78%"
Botswana,2010,44249,"454,25%"
Brazil,2010,1495404,"13,44%"
British Virgin Islands,2010,4921,"4084,54%"
Brunei,2010,44541,"451,27%"
Bulgaria,2010,1106483,"18,17%"
Burkina Faso,2010,1434528,"14,01%"
Burundi,2010,284078,"70,76%"
Cambodia,2010,953059,"21,09%"
Cameroon,2010,278898,"72,07%"
Canada,2010,1268057,"15,85%"
Cape Verde,2010,152863,"131,49%"
Caribbean,2010,7273502,"2,76%"
Cayman Islands,2010,1404,"14316,24%"
Central African Republic,2010,245933,"81,73%"
Central America,2010,16204451,"1,24%"
Central Asia,2010,7232295,"2,78%"
Central and Southern Asia,2010,41082388,"0,49%"
Chad,2010,202423,"99,30%"
Channel Islands,2010,15699,"1280,34%"
Chile,2010,571842,"35,15%"
China,2010,8714648,"2,31%"
Colombia,2010,2554020,"7,87%"
Comoros,2010,109125,"184,19%"
Congo,2010,178111,"112,85%"
Cook Islands,2010,20556,"977,82%"
Costa Rica,2010,132317,"151,91%"
Cote d'Ivoire,2010,939795,"21,39%"
Croatia,2010,820407,"24,50%"
Cuba,2010,1314739,"15,29%"
Curacao,2010,45248,"444,22%"
Cyprus,2010,163471,"122,96%"
Czechia,2010,779438,"25,79%"
Democratic Republic of Congo,2010,1298544,"15,48%"
Denmark,2010,233531,"86,07%"
Developed regions,2010,60587161,"0,33%"
Djibouti,2010,13797,"1456,84%"
Dominica,2010,73583,"273,16%"
Dominican Republic,2010,1184417,"16,97%"
East Timor,2010,35037,"573,68%"
Eastern Africa,2010,7524192,"2,67%"
Eastern Asia,2010,12863294,"1,56%"
Eastern Europe,2010,27578142,"0,73%"
Eastern and South-Eastern Asia,2010,30977206,"0,65%"
Ecuador,2010,1152897,"17,43%"
Egypt,2010,2586643,"7,77%"
El Salvador,2010,1337085,"15,03%"
Equatorial Guinea,2010,84390,"238,18%"
Eritrea,2010,328366,"61,21%"
Estonia,2010,153633,"130,83%"
Eswatini,2010,69030,"291,18%"
Ethiopia,2010,680290,"29,55%"
Europe,2010,54711301,"0,37%"
Europe and Northern America,2010,58681104,"0,34%"
Falkland Islands,2010,1174,"17120,95%"
Faroe Islands,2010,12364,"1625,69%"
Fiji,2010,183607,"109,47%"
Finland,2010,291883,"68,86%"
France,2010,1956818,"10,27%"
French Guiana,2010,3940,"5101,52%"
French Polynesia,2010,1550,"12967,74%"
Gabon,2010,36933,"544,23%"
Gambia,2010,77440,"259,56%"
Georgia,2010,805539,"24,95%"
Germany,2010,3696638,"5,44%"
Ghana,2010,762002,"26,38%"
Gibraltar,2010,10197,"1971,17%"
Greece,2010,789457,"25,46%"
Greenland,2010,15391,"1305,96%"
Grenada,2010,63930,"314,41%"
Guadeloupe,2010,10779,"1864,74%"
Guam,2010,2209,"9099,14%"
Guatemala,2010,924898,"21,73%"
Guinea,2010,455866,"44,09%"
Guinea-Bissau,2010,91546,"219,56%"
Guyana,2010,439233,"45,76%"
Haiti,2010,1123190,"17,90%"
High-income countries,2010,45649196,"0,44%"
Honduras,2010,587503,"34,21%"
Hong Kong,2010,862070,"23,32%"
Hungary,2010,511199,"39,32%"
Iceland,2010,32454,"619,34%"
India,2010,13221963,"1,52%"
Indonesia,2010,3415963,"5,88%"
Iran,2010,985691,"20,39%"
Iraq,2010,2554929,"7,87%"
Ireland,2010,729466,"27,55%"
Isle of Man,2010,9033,"2225,17%"
Israel,2010,333968,"60,19%"
Italy,2010,2559233,"7,85%"
Jamaica,2010,989790,"20,31%"
Japan,2010,756792,"26,56%"
Jordan,2010,602099,"33,38%"
Kazakhstan,2010,3797527,"5,29%"
Kenya,2010,442632,"45,41%"
Kiribati,2010,3565,"5638,15%"
Kuwait,2010,177816,"113,04%"
Kyrgyzstan,2010,726544,"27,67%"
Land-locked Developing Countries (LLDC),2010,27740905,"0,72%"
Laos,2010,1198862,"16,77%"
Latin America and the Caribbean,2010,34637650,"0,58%"
Latvia,2010,278168,"72,26%"
Least developed countries,2010,35497699,"0,57%"
Lebanon,2010,699704,"28,73%"
Lesotho,2010,243128,"82,67%"
Less developed regions,2010,151638790,"0,13%"
"Less developed regions, excluding China",2010,141938473,"0,14%"
"Less developed regions, excluding least developed countries",2010,116141091,"0,17%"
Liberia,2010,219139,"91,72%"
Libya,2010,127399,"157,77%"
Liechtenstein,2010,3590,"5598,89%"
Lithuania,2010,517746,"38,82%"
Low-income countries,2010,21718616,"0,93%"
Lower-middle-income countries,2010,70406484,"0,29%"
Luxembourg,2010,62048,"323,94%"
Macao,2010,123599,"162,62%"
Madagascar,2010,160819,"124,99%"
Malawi,2010,260531,"77,15%"
Malaysia,2010,1599061,"12,57%"
Maldives,2010,3543,"5673,16%"
Mali,2010,994832,"20,20%"
Malta,2010,99294,"202,43%"
Marshall Islands,2010,6492,"3096,12%"
Martinique,2010,14637,"1373,23%"
Mauritania,2010,114192,"176,02%"
Mauritius,2010,148186,"135,64%"
Mayotte,2010,6342,"3169,35%"
Melanesia,2010,204278,"98,40%"
Mexico,2010,12415222,"1,62%"
Micronesia,2010,39030,"514,99%"
Micronesia (country),2010,19404,"1035,87%"
Middle Africa,2010,3007543,"6,68%"
Middle-income countries,2010,144581899,"0,14%"
Moldova,2010,827409,"24,29%"
Monaco,2010,26954,"745,71%"
Mongolia,2010,57405,"350,14%"
Montenegro,2010,148754,"135,12%"
Montserrat,2010,17378,"1156,63%"
Morocco,2010,2860702,"7,03%"
Mozambique,2010,797808,"25,19%"
Myanmar,2010,2492274,"8,06%"
Namibia,2010,99599,"201,81%"
Nauru,2010,2130,"9436,62%"
Nepal,2010,1712697,"11,74%"
Netherlands,2010,854388,"23,53%"
New Caledonia,2010,5377,"3738,14%"
New Zealand,2010,662316,"30,35%"
Nicaragua,2010,610211,"32,94%"
Niger,2010,335897,"59,84%"
Nigeria,2010,996914,"20,16%"
Niue,2010,5347,"3759,12%"
North Korea,2010,96459,"208,38%"
North Macedonia,2010,526151,"38,20%"
Northern Africa,2010,9251128,"2,17%"
Northern Africa and Western Asia,2010,25313711,"0,79%"
Northern America,2010,3969803,"5,06%"
Northern Europe,2010,7178780,"2,80%"
Northern Mariana Islands,2010,2611,"7698,20%"
Norway,2010,179971,"111,68%"
Oceania,2010,1591168,"12,63%"
Oceania (excluding Australia and New Zealand),2010,441903,"45,49%"
Oman,2010,20752,"968,58%"
Other,2010,8757236,"2,30%"
Pakistan,2010,4790584,"4,20%"
Palau,2010,2619,"7674,68%"
Palestine,2010,3539908,"5,68%"
Panama,2010,139844,"143,73%"
Papua New Guinea,2010,4231,"4750,65%"
Paraguay,2010,765811,"26,25%"
Peru,2010,1299095,"15,47%"
Philippines,2010,4692695,"4,28%"
Poland,2010,3716338,"5,41%"
Polynesia,2010,198595,"101,21%"
Portugal,2010,1927397,"10,43%"
Puerto Rico,2010,1731818,"11,61%"
Qatar,2010,20674,"972,24%"
Reunion,2010,2749,"7311,75%"
Romania,2010,3363361,"5,98%"
Russia,2010,10118680,"1,99%"
Rwanda,2010,334244,"60,14%"
Saint Barthelemy,2010,0,none
Saint Helena,2010,3607,"5572,50%"
Saint Kitts and Nevis,2010,35795,"561,53%"
Saint Lucia,2010,50318,"399,46%"
Saint Martin (French part),2010,0,none
Saint Pierre and Miquelon,2010,390,"51538,46%"
Saint Vincent and the Grenadines,2010,55435,"362,59%"
Samoa,2010,104820,"191,76%"
San Marino,2010,2266,"8870,26%"
Sao Tome and Principe,2010,30928,"649,90%"
Saudi Arabia,2010,215338,"93,34%"
Senegal,2010,547495,"36,71%"
Serbia,2010,936001,"21,47%"
Seychelles,2010,25932,"775,10%"
Sierra Leone,2010,126730,"158,60%"
Singapore,2010,282421,"71,17%"
Sint Maarten (Dutch part),2010,3303,"6085,38%"
Slovakia,2010,260656,"77,11%"
Slovenia,2010,122948,"163,48%"
Small island developing States (SIDS),2010,9401155,"2,14%"
Solomon Islands,2010,3371,"5962,62%"
Somalia,2010,1595328,"12,60%"
South Africa,2010,743807,"27,02%"
South America,2010,11159697,"1,80%"
South Korea,2010,2252321,"8,92%"
South Sudan,2010,402616,"49,92%"
South-Eastern Asia,2010,18113912,"1,11%"
Southern Africa,2010,1199813,"16,75%"
Southern Asia,2010,33850093,"0,59%"
Southern Europe,2010,11728125,"1,71%"
Spain,2010,1087071,"18,49%"
Sri Lanka,2010,1454292,"13,82%"
Sub-Saharan Africa,2010,19942724,"1,01%"
Sudan,2010,1235193,"16,27%"
Suriname,2010,258715,"77,69%"
Sweden,2010,291904,"68,86%"
Switzerland,2010,624385,"32,19%"
Syria,2010,1057322,"19,01%"
Taiwan,2010,0,none
Tajikistan,2010,584647,"34,38%"
Tanzania,2010,262172,"76,67%"
Thailand,2010,769257,"26,13%"
Togo,2010,417178,"48,18%"
Tokelau,2010,2168,"9271,22%"
Tonga,2010,51521,"390,13%"
Trinidad and Tobago,2010,350517,"57,34%"
Tunisia,2010,615732,"32,64%"
Turkey,2010,2708930,"7,42%"
Turkmenistan,2010,234635,"85,66%"
Turks and Caicos Islands,2010,2197,"9148,84%"
Tuvalu,2010,3011,"6675,52%"
Uganda,2010,731768,"27,47%"
Ukraine,2010,5429876,"3,70%"
United Arab Emirates,2010,155609,"129,17%"
United Kingdom,2010,4432928,"4,53%"
United States,2010,2670652,"7,53%"
United States Virgin Islands,2010,3711,"5416,33%"
Upper-middle-income countries,2010,74175415,"0,27%"
Uruguay,2010,338438,"59,39%"
Uzbekistan,2010,1888942,"10,64%"
Vanuatu,2010,7692,"2613,10%"
Vatican,2010,175,"114857,14%"
Venezuela,2010,560528,"35,86%"
Vietnam,2010,2630742,"7,64%"
Wallis and Futuna,2010,7465,"2692,57%"
Western Africa,2010,8211176,"2,45%"
Western Asia,2010,16062583,"1,25%"
Western Europe,2010,8226254,"2,44%"
Western Sahara,2010,170195,"118,10%"
World,2010,220983187,"0,09%"
Yemen,2010,876383,"22,94%"
Zambia,2010,182766,"109,98%"
Zimbabwe,2010,754643,"26,64%"
Afghanistan,2015,5400916,"3,73%"
Africa,2015,35111959,"0,57%"
Albania,2015,1142844,"17,63%"
Algeria,2015,1836502,"10,97%"
American Samoa,2015,1961,"10275,37%"
Andorra,2015,8740,"2305,49%"
Angola,2015,618288,"32,59%"
Anguilla,2015,2553,"7892,68%"
Antigua and Barbuda,2015,52189,"386,10%"
Argentina,2015,943843,"21,35%"
Armenia,2015,944520,"21,33%"
Aruba,2015,16621,"1212,32%"
Asia,2015,103378019,"0,19%"
Australia,2015,518158,"38,89%"
Australia and New Zealand,2015,1256202,"16,04%"
Austria,2015,515234,"39,11%"
Azerbaijan,2015,1130348,"17,83%"
Bahamas,2015,42965,"468,99%"
Bahrain,2015,56721,"355,25%"
Bangladesh,2015,6831282,"2,95%"
Barbados,2015,101879,"197,78%"
Belarus,2015,1469882,"13,71%"
Belgium,2015,515793,"39,07%"
Belize,2015,63099,"319,34%"
Benin,2015,634923,"31,74%"
Bermuda,2015,16225,"1241,91%"
Bhutan,2015,51391,"392,09%"
Bolivia,2015,824008,"24,45%"
Bonaire Sint Eustatius and Saba,2015,7295,"2762,17%"
Bosnia and Herzegovina,2015,1593430,"12,65%"
Botswana,2015,55294,"364,42%"
Brazil,2015,1504231,"13,40%"
British Virgin Islands,2015,5118,"3937,08%"
Brunei,2015,45110,"446,69%"
Bulgaria,2015,1179625,"17,08%"
Burkina Faso,2015,1518568,"13,27%"
Burundi,2015,459979,"43,81%"
Cambodia,2015,1074572,"18,75%"
Cameroon,2015,348974,"57,74%"
Canada,2015,1263552,"15,95%"
Cape Verde,2015,171429,"117,54%"
Caribbean,2015,8135307,"2,48%"
Cayman Islands,2015,1709,"11790,52%"
Central African Republic,2015,686224,"29,36%"
Central America,2015,16291222,"1,24%"
Central Asia,2015,7428032,"2,71%"
Central and Southern Asia,2015,46481130,"0,43%"
Chad,2015,191269,"105,35%"
Channel Islands,2015,16469,"1223,51%"
Chile,2015,618015,"32,60%"
China,2015,10240817,"1,97%"
Colombia,2015,2698688,"7,47%"
Comoros,2015,121749,"165,50%"
Congo,2015,204829,"98,37%"
Cook Islands,2015,21555,"934,82%"
Costa Rica,2015,138237,"145,76%"
Cote d'Ivoire,2015,1056380,"19,07%"
Croatia,2015,806242,"24,99%"
Cuba,2015,1505827,"13,38%"
Curacao,2015,6239,"3229,68%"
Cyprus,2015,166585,"120,96%"
Czechia,2015,819776,"24,58%"
Democratic Republic of Congo,2015,1572222,"12,82%"
Denmark,2015,236832,"85,08%"
Developed regions,2015,62613012,"0,32%"
Djibouti,2015,16969,"1187,46%"
Dominica,2015,72585,"277,61%"
Dominican Republic,2015,1454602,"13,85%"
East Timor,2015,37325,"539,85%"
Eastern Africa,2015,9824290,"2,05%"
Eastern Asia,2015,14417725,"1,40%"
Eastern Europe,2015,28822615,"0,70%"
Eastern and South-Eastern Asia,2015,35205590,"0,57%"
Ecuador,2015,1130774,"17,82%"
Egypt,2015,3151069,"6,39%"
El Salvador,2015,1512895,"13,32%"
Equatorial Guinea,2015,116947,"172,30%"
Eritrea,2015,624757,"32,25%"
Estonia,2015,189109,"106,55%"
Eswatini,2015,46236,"435,81%"
Ethiopia,2015,842496,"23,92%"
Europe,2015,56577753,"0,36%"
Europe and Northern America,2015,60592402,"0,33%"
Falkland Islands,2015,1370,"14708,03%"
Faroe Islands,2015,13407,"1502,95%"
Fiji,2015,208568,"96,61%"
Finland,2015,282223,"71,40%"
France,2015,2119266,"9,51%"
French Guiana,2015,4517,"4460,93%"
French Polynesia,2015,1978,"10187,06%"
Gabon,2015,43075,"467,79%"
Gambia,2015,96963,"207,81%"
Georgia,2015,828931,"24,31%"
Germany,2015,3630278,"5,55%"
Ghana,2015,892253,"22,58%"
Gibraltar,2015,11916,"1691,00%"
Greece,2015,820119,"24,57%"
Greenland,2015,16711,"1205,79%"
Grenada,2015,69055,"291,80%"
Guadeloupe,2015,11993,"1680,15%"
Guam,2015,2132,"9451,22%"
Guatemala,2015,1118115,"18,02%"
Guinea,2015,493411,"40,84%"
Guinea-Bissau,2015,98151,"205,30%"
Guyana,2015,481258,"41,87%"
Haiti,2015,1467042,"13,74%"
High-income countries,2015,47356719,"0,43%"
Honduras,2015,729855,"27,61%"
Hong Kong,2015,957289,"21,05%"
Hungary,2015,600887,"33,53%"
Iceland,2015,37006,"544,51%"
India,2015,15885657,"1,27%"
Indonesia,2015,4065095,"4,96%"
Iran,2015,1155617,"17,44%"
Iraq,2015,1675613,"12,03%"
Ireland,2015,736639,"27,35%"
Isle of Man,2015,10580,"1904,54%"
Israel,2015,331326,"60,82%"
Italy,2015,2662661,"7,57%"
Jamaica,2015,1031596,"19,53%"
Japan,2015,764408,"26,36%"
Jordan,2015,706832,"28,51%"
Kazakhstan,2015,3885576,"5,19%"
Kenya,2015,480647,"41,92%"
Kiribati,2015,4127,"4882,48%"
Kuwait,2015,195034,"103,32%"
Kyrgyzstan,2015,742841,"27,13%"
Land-locked Developing Countries (LLDC),2015,31336289,"0,64%"
Laos,2015,1288179,"15,64%"
Latin America and the Caribbean,2015,36206000,"0,56%"
Latvia,2015,369238,"54,57%"
Least developed countries,2015,41482680,"0,49%"
Lebanon,2015,757183,"26,61%"
Lesotho,2015,191457,"105,25%"
Less developed regions,2015,174426790,"0,12%"
"Less developed regions, excluding China",2015,163095388,"0,12%"
"Less developed regions, excluding least developed countries",2015,132944110,"0,15%"
Liberia,2015,205741,"97,94%"
Libya,2015,152544,"132,09%"
Liechtenstein,2015,3536,"5698,53%"
Lithuania,2015,556292,"36,22%"
Low-income countries,2015,31399947,"0,64%"
Lower-middle-income countries,2015,80405824,"0,25%"
Luxembourg,2015,69366,"290,49%"
Macao,2015,133296,"151,17%"
Madagascar,2015,175868,"114,57%"
Malawi,2015,297471,"67,74%"
Malaysia,2015,1781038,"11,31%"
Maldives,2015,3606,"5587,91%"
Mali,2015,1228544,"16,40%"
Malta,2015,93554,"215,38%"
Marshall Islands,2015,7625,"2642,62%"
Martinique,2015,12675,"1589,74%"
Mauritania,2015,114630,"175,78%"
Mauritius,2015,165869,"121,48%"
Mayotte,2015,6545,"3078,69%"
Melanesia,2015,229769,"87,70%"
Mexico,2015,11923234,"1,69%"
Micronesia,2015,41950,"480,33%"
Micronesia (country),2015,20633,"976,59%"
Middle Africa,2015,3816990,"5,28%"
Middle-income countries,2015,157981964,"0,13%"
Moldova,2015,929759,"21,67%"
Monaco,2015,29317,"687,31%"
Mongolia,2015,65485,"307,70%"
Montenegro,2015,134028,"150,34%"
Montserrat,2015,20136,"1000,70%"
Morocco,2015,2971770,"6,78%"
Mozambique,2015,596949,"33,75%"
Myanmar,2015,2842494,"7,09%"
Namibia,2015,50410,"399,72%"
Nauru,2015,2267,"8888,40%"
Nepal,2015,2270166,"8,88%"
Netherlands,2015,867093,"23,24%"
New Caledonia,2015,5584,"3608,52%"
New Zealand,2015,738044,"27,30%"
Nicaragua,2015,655577,"30,74%"
Niger,2015,374993,"53,73%"
Nigeria,2015,1306526,"15,42%"
Niue,2015,5348,"3767,76%"
North Korea,2015,103898,"193,94%"
North Macedonia,2015,563354,"35,77%"
Northern Africa,2015,10914748,"1,85%"
Northern Africa and Western Asia,2015,32606047,"0,62%"
Northern America,2015,4014649,"5,02%"
Northern Europe,2015,7315147,"2,75%"
Northern Mariana Islands,2015,2607,"7729,19%"
Norway,2015,185578,"108,58%"
Oceania,2015,1751422,"11,50%"
Oceania (excluding Australia and New Zealand),2015,495220,"40,69%"
Oman,2015,22797,"883,89%"
Other,2015,10918842,"1,85%"
Pakistan,2015,5798210,"3,48%"
Palau,2015,2559,"7874,17%"
Palestine,2015,3773988,"5,34%"
Panama,2015,150210,"134,15%"
Papua New Guinea,2015,4980,"4046,18%"
Paraguay,2015,845591,"23,83%"
Peru,2015,1410199,"14,29%"
Philippines,2015,5498232,"3,66%"
Poland,2015,4077038,"4,94%"
Polynesia,2015,223501,"90,16%"
Portugal,2015,1971655,"10,22%"
Puerto Rico,2015,1715817,"11,74%"
Qatar,2015,23574,"854,76%"
Reunion,2015,2907,"6931,54%"
Romania,2015,3420714,"5,89%"
Russia,2015,10179999,"1,98%"
Rwanda,2015,503667,"40,01%"
Saint Barthelemy,2015,0,none
Saint Helena,2015,4285,"4702,45%"
Saint Kitts and Nevis,2015,40211,"501,11%"
Saint Lucia,2015,57939,"347,78%"
Saint Martin (French part),2015,0,none
Saint Pierre and Miquelon,2015,400,"50375,00%"
Saint Vincent and the Grenadines,2015,62292,"323,48%"
Samoa,2015,116855,"172,44%"
San Marino,2015,3688,"5463,67%"
Sao Tome and Principe,2015,35162,"573,06%"
Saudi Arabia,2015,282906,"71,23%"
Senegal,2015,594507,"33,89%"
Serbia,2015,826891,"24,37%"
Seychelles,2015,27483,"733,18%"
Sierra Leone,2015,139296,"144,66%"
Singapore,2015,324639,"62,07%"
Sint Maarten (Dutch part),2015,1929,"10445,83%"
Slovakia,2015,347385,"58,00%"
Slovenia,2015,136538,"147,58%"
Small island developing States (SIDS),2015,10467162,"1,93%"
Solomon Islands,2015,3886,"5185,28%"
Somalia,2015,2008490,"10,03%"
South Africa,2015,786554,"25,62%"
South America,2015,11779471,"1,71%"
South Korea,2015,2152532,"9,36%"
South Sudan,2015,1060678,"19,00%"
South-Eastern Asia,2015,20787865,"0,97%"
Southern Africa,2015,1129951,"17,83%"
Southern Asia,2015,39053098,"0,52%"
Southern Europe,2015,12045253,"1,67%"
Spain,2015,1269283,"15,88%"
Sri Lanka,2015,1656253,"12,17%"
Sub-Saharan Africa,2015,24197211,"0,83%"
Sudan,2015,1842602,"10,94%"
Suriname,2015,254612,"79,14%"
Sweden,2015,302408,"66,63%"
Switzerland,2015,644855,"31,25%"
Syria,2015,6447843,"3,13%"
Taiwan,2015,0,none
Tajikistan,2015,585060,"34,44%"
Tanzania,2015,294102,"68,51%"
Thailand,2015,921690,"21,86%"
Togo,2015,495380,"40,68%"
Tokelau,2015,2171,"9281,44%"
Tonga,2015,59203,"340,35%"
Trinidad and Tobago,2015,368633,"54,66%"
Tunisia,2015,774376,"26,02%"
Turkey,2015,3073534,"6,56%"
Turkmenistan,2015,238531,"84,48%"
Turks and Caicos Islands,2015,2454,"8211,08%"
Tuvalu,2015,3203,"6290,98%"
Uganda,2015,786229,"25,63%"
Ukraine,2015,5797550,"3,48%"
United Arab Emirates,2015,178324,"113,00%"
United Kingdom,2015,4379366,"4,60%"
United States,2015,2717761,"7,41%"
United States Virgin Islands,2015,3953,"5097,39%"
Upper-middle-income countries,2015,77576140,"0,26%"
Uruguay,2015,353225,"57,05%"
Uzbekistan,2015,1976024,"10,20%"
Vanuatu,2015,6751,"2984,74%"
Vatican,2015,310,"65000,00%"
Venezuela,2015,709140,"28,41%"
Vietnam,2015,2909491,"6,93%"
Wallis and Futuna,2015,11227,"1794,78%"
Western Africa,2015,9425980,"2,14%"
Western Asia,2015,21691299,"0,93%"
Western Europe,2015,8394738,"2,40%"
Western Sahara,2015,185885,"108,40%"
World,2015,247958644,"0,08%"
Yemen,2015,1095240,"18,40%"
Zambia,2015,184371,"109,29%"
Zimbabwe,2015,1167064,"17,27%"
Afghanistan,2020,5853838,"3,45%"
Africa,2020,40567163,"0,50%"
Albania,2020,1250451,"16,15%"
Algeria,2020,2022337,"9,99%"
American Samoa,2020,1832,"11026,20%"
Andorra,2020,11132,"1814,59%"
Angola,2020,668066,"30,24%"
Anguilla,2020,2505,"8063,87%"
Antigua and Barbuda,2020,66561,"303,48%"
Argentina,2020,1076148,"18,77%"
Armenia,2020,958190,"21,08%"
Aruba,2020,21456,"941,46%"
Asia,2020,114911484,"0,18%"
Australia,2020,598765,"33,74%"
Australia and New Zealand,2020,1404924,"14,38%"
Austria,2020,600740,"33,63%"
Azerbaijan,2020,1163922,"17,36%"
Bahamas,2020,53793,"375,51%"
Bahrain,2020,58270,"346,66%"
Bangladesh,2020,7401763,"2,73%"
Barbados,2020,99611,"202,79%"
Belarus,2020,1483626,"13,62%"
Belgium,2020,577463,"34,98%"
Belize,2020,52756,"382,89%"
Benin,2020,681827,"29,63%"
Bermuda,2020,21107,"957,03%"
Bhutan,2020,51998,"388,48%"
Bolivia,2020,927244,"21,78%"
Bonaire Sint Eustatius and Saba,2020,8148,"2479,14%"
Bosnia and Herzegovina,2020,1687639,"11,97%"
Botswana,2020,63561,"317,80%"
Brazil,2020,1897128,"10,65%"
British Virgin Islands,2020,5355,"3772,18%"
Brunei,2020,45340,"445,52%"
Bulgaria,2020,1683074,"12,00%"
Burkina Faso,2020,1599347,"12,63%"
Burundi,2020,551105,"36,65%"
Cambodia,2020,1104819,"18,28%"
Cameroon,2020,441015,"45,80%"
Canada,2020,1292329,"15,63%"
Cape Verde,2020,187558,"107,70%"
Caribbean,2020,9078772,"2,22%"
Cayman Islands,2020,1908,"10587,00%"
Central African Republic,2020,816668,"24,73%"
Central America,2020,16198974,"1,25%"
Central Asia,2020,7835504,"2,58%"
Central and Southern Asia,2020,51229549,"0,39%"
Chad,2020,222303,"90,87%"
Channel Islands,2020,17158,"1177,29%"
Chile,2020,643800,"31,38%"
China,2020,10461170,"1,93%"
Colombia,2020,3024273,"6,68%"
Comoros,2020,150823,"133,93%"
Congo,2020,223767,"90,27%"
Cook Islands,2020,21106,"957,07%"
Costa Rica,2020,150241,"134,45%"
Cote d'Ivoire,2020,1149298,"17,58%"
Croatia,2020,1039526,"19,43%"
Cuba,2020,1757300,"11,49%"
Curacao,2020,7611,"2654,05%"
Cyprus,2020,173210,"116,62%"
Czechia,2020,1026108,"19,69%"
Democratic Republic of Congo,2020,1832069,"11,03%"
Denmark,2020,257025,"78,59%"
Developed regions,2020,69815370,"0,29%"
Djibouti,2020,18365,"1099,92%"
Dominica,2020,78191,"258,34%"
Dominican Republic,2020,1608567,"12,56%"
East Timor,2020,39588,"510,26%"
Eastern Africa,2020,12027289,"1,68%"
Eastern Asia,2020,14820004,"1,36%"
Eastern Europe,2020,32194352,"0,63%"
Eastern and South-Eastern Asia,2020,38400740,"0,53%"
Ecuador,2020,1127891,"17,91%"
Egypt,2020,3610461,"5,59%"
El Salvador,2020,1599058,"12,63%"
Equatorial Guinea,2020,128774,"156,86%"
Eritrea,2020,802822,"25,16%"
Estonia,2020,206631,"97,76%"
Eswatini,2020,50039,"403,69%"
Ethiopia,2020,946129,"21,35%"
Europe,2020,63273663,"0,32%"
Europe and Northern America,2020,67601621,"0,30%"
Falkland Islands,2020,1518,"13306,98%"
Faroe Islands,2020,12927,"1562,62%"
Fiji,2020,233856,"86,38%"
Finland,2020,311889,"64,77%"
France,2020,2341908,"8,63%"
French Guiana,2020,4595,"4396,08%"
French Polynesia,2020,2157,"9364,86%"
Gabon,2020,48392,"417,42%"
Gambia,2020,139210,"145,10%"
Georgia,2020,861077,"23,46%"
Germany,2020,3855268,"5,24%"
Ghana,2020,1004324,"20,11%"
Gibraltar,2020,13389,"1508,70%"
Greece,2020,1088507,"18,56%"
Greenland,2020,17866,"1130,64%"
Grenada,2020,62204,"324,74%"
Guadeloupe,2020,12542,"1610,59%"
Guam,2020,2213,"9127,88%"
Guatemala,2020,1368431,"14,76%"
Guinea,2020,550790,"36,67%"
Guinea-Bissau,2020,111790,"180,70%"
Guyana,2020,438413,"46,08%"
Haiti,2020,1769671,"11,41%"
High-income countries,2020,52808019,"0,38%"
Honduras,2020,985077,"20,51%"
Hong Kong,2020,1007788,"20,04%"
Hungary,2020,714420,"28,27%"
Iceland,2020,43251,"467,04%"
India,2020,17869492,"1,13%"
Indonesia,2020,4601369,"4,39%"
Iran,2020,1325113,"15,24%"
Iraq,2020,2077976,"9,72%"
Ireland,2020,734317,"27,51%"
Isle of Man,2020,12032,"1678,86%"
Israel,2020,358691,"56,32%"
Italy,2020,3258831,"6,20%"
Jamaica,2020,1118931,"18,05%"
Japan,2020,808825,"24,97%"
Jordan,2020,814909,"24,79%"
Kazakhstan,2020,4203899,"4,81%"
Kenya,2020,535348,"37,73%"
Kiribati,2020,5103,"3958,46%"
Kuwait,2020,212271,"95,16%"
Kyrgyzstan,2020,774377,"26,09%"
Land-locked Developing Countries (LLDC),2020,35277768,"0,57%"
Laos,2020,1296051,"15,59%"
Latin America and the Caribbean,2020,42890481,"0,47%"
Latvia,2020,380010,"53,16%"
Least developed countries,2020,47604597,"0,42%"
Lebanon,2020,856814,"23,58%"
Lesotho,2020,202164,"99,92%"
Less developed regions,2020,198125584,"0,10%"
"Less developed regions, excluding China",2020,186511434,"0,11%"
"Less developed regions, excluding least developed countries",2020,150520987,"0,13%"
Liberia,2020,233564,"86,49%"
Libya,2020,185518,"108,88%"
Liechtenstein,2020,3706,"5450,62%"
Lithuania,2020,658057,"30,70%"
Low-income countries,2020,37419672,"0,54%"
Lower-middle-income countries,2020,89747316,"0,23%"
Luxembourg,2020,81757,"247,07%"
Macao,2020,145192,"139,13%"
Madagascar,2020,193526,"104,38%"
Malawi,2020,311052,"64,94%"
Malaysia,2020,1860037,"10,86%"
Maldives,2020,3715,"5437,42%"
Mali,2020,1303511,"15,50%"
Malta,2020,102793,"196,51%"
Marshall Islands,2020,10886,"1855,59%"
Martinique,2020,12963,"1558,28%"
Mauritania,2020,130226,"155,11%"
Mauritius,2020,182973,"110,40%"
Mayotte,2020,6767,"2985,07%"
Melanesia,2020,256021,"78,90%"
Mexico,2020,11185737,"1,81%"
Micronesia,2020,50998,"396,09%"
Micronesia (country),2020,24945,"809,78%"
Middle Africa,2020,4420662,"4,57%"
Middle-income countries,2020,177395834,"0,11%"
Moldova,2020,1159443,"17,42%"
Monaco,2020,32552,"620,55%"
Mongolia,2020,82098,"246,05%"
Montenegro,2020,132965,"151,92%"
Montserrat,2020,24582,"821,74%"
Morocco,2020,3262222,"6,19%"
Mozambique,2020,640160,"31,55%"
Myanmar,2020,3711751,"5,44%"
Namibia,2020,47770,"422,86%"
Nauru,2020,2454,"8231,46%"
Nepal,2020,2599701,"7,77%"
Netherlands,2020,970403,"20,82%"
New Caledonia,2020,5839,"3459,50%"
New Zealand,2020,806159,"25,06%"
Nicaragua,2020,718154,"28,13%"
Niger,2020,399707,"50,54%"
Nigeria,2020,1670455,"12,09%"
Niue,2020,5186,"3895,10%"
North Korea,2020,110377,"183,01%"
North Macedonia,2020,693896,"29,11%"
Northern Africa,2020,12282625,"1,64%"
Northern Africa and Western Asia,2020,37563820,"0,54%"
Northern America,2020,4327958,"4,67%"
Northern Europe,2020,7884780,"2,56%"
Northern Mariana Islands,2020,2741,"7369,57%"
Norway,2020,191392,"105,54%"
Oceania,2020,1970205,"10,25%"
Oceania (excluding Australia and New Zealand),2020,565281,"35,73%"
Oman,2020,25099,"804,81%"
Other,2020,12657151,"1,60%"
Pakistan,2020,6328400,"3,19%"
Palau,2020,2656,"7605,42%"
Palestine,2020,4022791,"5,02%"
Panama,2020,139520,"144,78%"
Papua New Guinea,2020,4810,"4199,58%"
Paraguay,2020,896484,"22,53%"
Peru,2020,1519635,"13,29%"
Philippines,2020,6094307,"3,31%"
Poland,2020,4825096,"4,19%"
Polynesia,2020,258262,"78,22%"
Portugal,2020,2081419,"9,70%"
Puerto Rico,2020,1850529,"10,92%"
Qatar,2020,25705,"785,84%"
Reunion,2020,3064,"6592,69%"
Romania,2020,3987093,"5,07%"
Russia,2020,10756697,"1,88%"
Rwanda,2020,492489,"41,02%"
Saint Barthelemy,2020,0,none
Saint Helena,2020,4885,"4135,11%"
Saint Kitts and Nevis,2020,50285,"401,71%"
Saint Lucia,2020,71227,"283,60%"
Saint Martin (French part),2020,0,none
Saint Pierre and Miquelon,2020,433,"46651,27%"
Saint Vincent and the Grenadines,2020,55525,"363,80%"
Samoa,2020,135732,"148,82%"
San Marino,2020,2407,"8392,19%"
Sao Tome and Principe,2020,39608,"510,00%"
Saudi Arabia,2020,299268,"67,50%"
Senegal,2020,693765,"29,12%"
Serbia,2020,1003962,"20,12%"
Seychelles,2020,29258,"690,41%"
Sierra Leone,2020,152486,"132,47%"
Singapore,2020,348464,"57,97%"
Sint Maarten (Dutch part),2020,2191,"9219,53%"
Slovakia,2020,419651,"48,14%"
Slovenia,2020,160197,"126,09%"
Small island developing States (SIDS),2020,11559408,"1,75%"
Solomon Islands,2020,4270,"4730,68%"
Somalia,2020,2034221,"9,93%"
South Africa,2020,914901,"22,08%"
South America,2020,17612735,"1,15%"
South Korea,2020,2204554,"9,16%"
South Sudan,2020,2575870,"7,84%"
South-Eastern Asia,2020,23580736,"0,86%"
Southern Africa,2020,1278435,"15,80%"
Southern Asia,2020,43394045,"0,47%"
Southern Europe,2020,14017111,"1,44%"
Spain,2020,1489823,"13,56%"
Sri Lanka,2020,1960025,"10,31%"
Sub-Saharan Africa,2020,28284538,"0,71%"
Sudan,2020,2104887,"9,60%"
Suriname,2020,273209,"73,94%"
Sweden,2020,327581,"61,66%"
Switzerland,2020,713623,"28,31%"
Syria,2020,8457214,"2,39%"
Taiwan,2020,0,none
Tajikistan,2020,586851,"34,42%"
Tanzania,2020,327863,"61,61%"
Thailand,2020,1086985,"18,58%"
Togo,2020,545409,"37,04%"
Tokelau,2020,2112,"9564,39%"
Tonga,2020,74550,"270,96%"
Trinidad and Tobago,2020,330519,"61,12%"
Tunisia,2020,902268,"22,39%"
Turkey,2020,3411408,"5,92%"
Turkmenistan,2020,242554,"83,28%"
Turks and Caicos Islands,2020,2689,"7512,09%"
Tuvalu,2020,3670,"5504,09%"
Uganda,2020,781440,"25,85%"
Ukraine,2020,6139144,"3,29%"
United Arab Emirates,2020,203214,"99,40%"
United Kingdom,2020,4732510,"4,27%"
United States,2020,2996223,"6,74%"
United States Virgin Islands,2020,3908,"5168,88%"
Upper-middle-income countries,2020,87648518,"0,23%"
Uruguay,2020,367060,"55,03%"
Uzbekistan,2020,2027823,"9,96%"
Vanuatu,2020,7246,"2787,74%"
Vatican,2020,174,"116091,95%"
Venezuela,2020,5415337,"3,73%"
Vietnam,2020,3392025,"5,96%"
Wallis and Futuna,2020,11917,"1695,06%"
Western Africa,2020,10558152,"1,91%"
Western Asia,2020,25281195,"0,80%"
Western Europe,2020,9177420,"2,20%"
Western Sahara,2020,194932,"103,63%"
World,2020,280598105,"0,07%"
Yemen,2020,1301166,"15,52%"
Zambia,2020,200700,"100,65%"
Zimbabwe,2020,1243314,"16,25%"